Time,Open,High,Low,Latest,Change,%Change,Volume
"2023-02-28 00:00",2.714,2.722,2.706,2.708,-0.006,-0.22%,384
"2023-02-28 00:30",2.707,2.716,2.702,2.709,0.001,+0.04%,211
"2023-02-28 01:00",2.709,2.726,2.704,2.718,0.009,+0.33%,314
"2023-02-28 01:30",2.716,2.721,2.703,2.711,-0.007,-0.26%,208
"2023-02-28 02:00",2.711,2.711,2.691,2.696,-0.015,-0.55%,427
"2023-02-28 02:30",2.695,2.695,2.671,2.683,-0.013,-0.48%,774
"2023-02-28 03:00",2.684,2.697,2.683,2.685,0.002,+0.07%,403
"2023-02-28 03:30",2.687,2.689,2.679,2.683,-0.002,-0.07%,171
"2023-02-28 04:00",2.683,2.684,2.671,2.676,-0.007,-0.26%,311
"2023-02-28 04:30",2.675,2.688,2.675,2.68,0.004,+0.15%,390
"2023-02-28 05:00",2.682,2.708,2.675,2.701,0.021,+0.78%,756
"2023-02-28 05:30",2.701,2.701,2.677,2.681,-0.02,-0.74%,495
"2023-02-28 06:00",2.682,2.71,2.68,2.705,0.024,+0.90%,544
"2023-02-28 06:30",2.704,2.717,2.703,2.712,0.007,+0.26%,648
"2023-02-28 07:00",2.713,2.713,2.659,2.666,-0.046,-1.70%,4777
"2023-02-28 07:30",2.666,2.674,2.637,2.66,-0.006,-0.23%,4963
"2023-02-28 08:00",2.661,2.696,2.633,2.696,0.036,+1.35%,8845
"2023-02-28 08:30",2.696,2.708,2.654,2.654,-0.042,-1.56%,6253
"2023-02-28 09:00",2.655,2.678,2.647,2.649,-0.005,-0.19%,4882
"2023-02-28 09:30",2.649,2.658,2.638,2.643,-0.006,-0.23%,4484
"2023-02-28 10:00",2.643,2.647,2.572,2.583,-0.06,-2.27%,10661
"2023-02-28 10:30",2.582,2.632,2.568,2.613,0.03,+1.16%,9720
"2023-02-28 11:00",2.614,2.628,2.6,2.621,0.008,+0.31%,4991
"2023-02-28 11:30",2.621,2.649,2.604,2.642,0.021,+0.80%,5199
"2023-02-28 12:00",2.642,2.644,2.62,2.639,-0.003,-0.11%,4216
"2023-02-28 12:30",2.638,2.683,2.636,2.673,0.034,+1.29%,6571
"2023-02-28 13:00",2.673,2.753,2.672,2.745,0.072,+2.69%,20330
"2023-02-28 13:30",2.745,2.778,2.734,2.744,-0.001,-0.04%,6812
"2023-02-28 14:00",2.743,2.765,2.737,2.748,0.004,+0.15%,1536
"2023-02-28 14:30",2.747,2.769,2.747,2.766,0.018,+0.66%,2329
"2023-02-28 15:00",2.765,2.788,2.758,2.782,0.016,+0.58%,1821
"2023-02-28 15:30",2.781,2.782,2.772,2.776,-0.006,-0.22%,392
"2023-02-28 17:00",2.769,2.773,2.742,2.747,-0.029,-1.04%,519
"2023-02-28 17:30",2.748,2.754,2.743,2.75,0.003,+0.11%,235
"2023-02-28 18:00",2.75,2.756,2.743,2.752,0.002,+0.07%,290
"2023-02-28 18:30",2.753,2.767,2.747,2.763,0.011,+0.40%,420
"2023-02-28 19:00",2.764,2.77,2.753,2.759,-0.004,-0.14%,349
"2023-02-28 19:30",2.759,2.77,2.758,2.77,0.011,+0.40%,149
"2023-02-28 20:00",2.77,2.771,2.764,2.764,-0.006,-0.22%,169
"2023-02-28 20:30",2.766,2.774,2.765,2.765,0.001,+0.04%,107
"2023-02-28 21:00",2.765,2.773,2.762,2.772,0.007,+0.25%,128
"2023-02-28 21:30",2.77,2.77,2.758,2.759,-0.013,-0.47%,235
"2023-02-28 22:00",2.76,2.762,2.735,2.757,-0.002,-0.07%,627
"2023-02-28 22:30",2.756,2.776,2.756,2.775,0.018,+0.65%,258
"2023-02-28 23:00",2.776,2.784,2.762,2.784,0.009,+0.32%,295
"2023-02-28 23:30",2.783,2.783,2.765,2.77,-0.014,-0.50%,209
"2023-03-01 00:00",2.769,2.77,2.758,2.766,-0.004,-0.14%,298
"2023-03-01 00:30",2.767,2.767,2.744,2.748,-0.018,-0.65%,518
"2023-03-01 01:00",2.749,2.749,2.725,2.748,0,0.00%,1222
"2023-03-01 01:30",2.749,2.749,2.743,2.749,0.001,+0.04%,343
"2023-03-01 02:00",2.747,2.769,2.741,2.756,0.007,+0.25%,795
"2023-03-01 02:30",2.755,2.763,2.75,2.756,0,0.00%,225
"2023-03-01 03:00",2.757,2.766,2.742,2.747,-0.009,-0.33%,512
"2023-03-01 03:30",2.746,2.758,2.737,2.75,0.003,+0.11%,252
"2023-03-01 04:00",2.747,2.749,2.73,2.74,-0.01,-0.36%,442
"2023-03-01 04:30",2.741,2.741,2.731,2.734,-0.006,-0.22%,301
"2023-03-01 05:00",2.734,2.759,2.726,2.757,0.023,+0.84%,584
"2023-03-01 05:30",2.757,2.762,2.728,2.733,-0.024,-0.87%,749
"2023-03-01 06:00",2.736,2.761,2.735,2.756,0.023,+0.84%,595
"2023-03-01 06:30",2.757,2.77,2.754,2.766,0.01,+0.36%,1367
"2023-03-01 07:00",2.765,2.782,2.738,2.767,0.001,+0.04%,3573
"2023-03-01 07:30",2.767,2.776,2.707,2.716,-0.051,-1.84%,7040
"2023-03-01 08:00",2.717,2.718,2.664,2.688,-0.028,-1.03%,8729
"2023-03-01 08:30",2.689,2.722,2.682,2.718,0.03,+1.12%,7870
"2023-03-01 09:00",2.72,2.731,2.696,2.709,-0.009,-0.33%,5022
"2023-03-01 09:30",2.707,2.752,2.707,2.717,0.008,+0.30%,5549
"2023-03-01 10:00",2.719,2.73,2.699,2.716,-0.001,-0.04%,4708
"2023-03-01 10:30",2.715,2.735,2.706,2.728,0.012,+0.44%,3857
"2023-03-01 11:00",2.728,2.733,2.691,2.71,-0.018,-0.66%,5446
"2023-03-01 11:30",2.711,2.743,2.702,2.74,0.03,+1.11%,3123
"2023-03-01 12:00",2.741,2.763,2.737,2.752,0.012,+0.44%,3757
"2023-03-01 12:30",2.753,2.804,2.75,2.802,0.05,+1.82%,6004
"2023-03-01 13:00",2.802,2.817,2.73,2.814,0.012,+0.43%,20887
"2023-03-01 13:30",2.813,2.839,2.805,2.813,-0.001,-0.04%,6279
"2023-03-01 14:00",2.812,2.823,2.8,2.822,0.009,+0.32%,1628
"2023-03-01 14:30",2.822,2.837,2.815,2.82,-0.002,-0.07%,1945
"2023-03-01 15:00",2.82,2.825,2.814,2.817,-0.003,-0.11%,1018
"2023-03-01 15:30",2.816,2.818,2.809,2.811,-0.006,-0.21%,620
"2023-03-01 17:00",2.811,2.819,2.796,2.798,-0.013,-0.46%,420
"2023-03-01 17:30",2.798,2.798,2.788,2.792,-0.006,-0.21%,235
"2023-03-01 18:00",2.794,2.796,2.783,2.788,-0.004,-0.14%,331
"2023-03-01 18:30",2.786,2.789,2.78,2.786,-0.002,-0.07%,270
"2023-03-01 19:00",2.785,2.785,2.771,2.774,-0.012,-0.43%,343
"2023-03-01 19:30",2.774,2.785,2.772,2.784,0.01,+0.36%,316
"2023-03-01 20:00",2.785,2.789,2.783,2.789,0.005,+0.18%,226
"2023-03-01 20:30",2.789,2.793,2.785,2.79,0.001,+0.04%,147
"2023-03-01 21:00",2.788,2.793,2.785,2.785,-0.005,-0.18%,153
"2023-03-01 21:30",2.785,2.789,2.775,2.787,0.002,+0.07%,482
"2023-03-01 22:00",2.787,2.791,2.787,2.79,0.003,+0.11%,149
"2023-03-01 22:30",2.789,2.792,2.789,2.789,-0.001,-0.04%,91
"2023-03-01 23:00",2.79,2.797,2.785,2.797,0.008,+0.29%,294
"2023-03-01 23:30",2.796,2.797,2.787,2.797,0,0.00%,236
"2023-03-02 00:00",2.798,2.8,2.785,2.786,-0.011,-0.39%,306
"2023-03-02 00:30",2.786,2.791,2.786,2.786,0,0.00%,111
"2023-03-02 01:00",2.785,2.79,2.775,2.785,-0.001,-0.04%,509
"2023-03-02 01:30",2.787,2.788,2.777,2.777,-0.008,-0.29%,196
"2023-03-02 02:00",2.779,2.78,2.763,2.766,-0.011,-0.40%,1093
"2023-03-02 02:30",2.768,2.785,2.765,2.782,0.016,+0.58%,457
"2023-03-02 03:00",2.782,2.782,2.773,2.775,-0.007,-0.25%,207
"2023-03-02 03:30",2.775,2.777,2.758,2.766,-0.009,-0.32%,542
"2023-03-02 04:00",2.764,2.773,2.761,2.773,0.007,+0.25%,209
"2023-03-02 04:30",2.773,2.774,2.751,2.757,-0.016,-0.58%,646
"2023-03-02 05:00",2.758,2.775,2.755,2.767,0.01,+0.36%,816
"2023-03-02 05:30",2.768,2.777,2.757,2.763,-0.004,-0.14%,784
"2023-03-02 06:00",2.764,2.767,2.74,2.741,-0.022,-0.80%,1531
"2023-03-02 06:30",2.741,2.759,2.725,2.756,0.015,+0.55%,2552
"2023-03-02 07:00",2.757,2.785,2.754,2.781,0.025,+0.91%,2145
"2023-03-02 07:30",2.781,2.828,2.771,2.816,0.035,+1.26%,4642
"2023-03-02 08:00",2.815,2.863,2.815,2.839,0.023,+0.82%,9958
"2023-03-02 08:30",2.837,2.841,2.79,2.797,-0.042,-1.48%,7060
"2023-03-02 09:00",2.798,2.821,2.795,2.815,0.018,+0.64%,5207
"2023-03-02 09:30",2.815,2.821,2.753,2.782,-0.033,-1.17%,10445
"2023-03-02 10:00",2.781,2.783,2.735,2.762,-0.02,-0.72%,6806
"2023-03-02 10:30",2.761,2.773,2.737,2.747,-0.015,-0.54%,4773
"2023-03-02 11:00",2.747,2.749,2.71,2.728,-0.019,-0.69%,6042
"2023-03-02 11:30",2.727,2.749,2.723,2.743,0.015,+0.55%,2384
"2023-03-02 12:00",2.743,2.761,2.729,2.744,0.001,+0.04%,3523
"2023-03-02 12:30",2.743,2.765,2.736,2.756,0.012,+0.44%,3773
"2023-03-02 13:00",2.757,2.79,2.747,2.768,0.012,+0.44%,11766
"2023-03-02 13:30",2.769,2.779,2.749,2.771,0.003,+0.11%,3436
"2023-03-02 14:00",2.772,2.799,2.772,2.792,0.021,+0.76%,1847
"2023-03-02 14:30",2.793,2.801,2.775,2.779,-0.013,-0.47%,1504
"2023-03-02 15:00",2.779,2.791,2.775,2.784,0.005,+0.18%,571
"2023-03-02 15:30",2.785,2.79,2.778,2.79,0.006,+0.22%,540
"2023-03-02 17:00",2.789,2.794,2.776,2.778,-0.012,-0.43%,160
"2023-03-02 17:30",2.778,2.779,2.773,2.776,-0.002,-0.07%,110
"2023-03-02 18:00",2.775,2.786,2.772,2.783,0.007,+0.25%,203
"2023-03-02 18:30",2.783,2.788,2.779,2.787,0.004,+0.14%,103
"2023-03-02 19:00",2.788,2.797,2.786,2.792,0.005,+0.18%,229
"2023-03-02 19:30",2.791,2.797,2.785,2.796,0.004,+0.14%,176
"2023-03-02 20:00",2.797,2.799,2.784,2.788,-0.008,-0.29%,243
"2023-03-02 20:30",2.789,2.793,2.779,2.782,-0.006,-0.22%,181
"2023-03-02 21:00",2.782,2.805,2.78,2.796,0.014,+0.50%,516
"2023-03-02 21:30",2.796,2.803,2.775,2.799,0.003,+0.11%,535
"2023-03-02 22:00",2.799,2.801,2.78,2.794,-0.005,-0.18%,305
"2023-03-02 22:30",2.795,2.797,2.789,2.794,0,0.00%,85
"2023-03-02 23:00",2.793,2.804,2.79,2.804,0.01,+0.36%,220
"2023-03-02 23:30",2.803,2.804,2.796,2.801,-0.003,-0.11%,212
"2023-03-03 00:00",2.801,2.803,2.792,2.796,-0.005,-0.18%,211
"2023-03-03 00:30",2.797,2.826,2.795,2.825,0.029,+1.04%,398
"2023-03-03 01:00",2.823,2.825,2.787,2.798,-0.027,-0.96%,664
"2023-03-03 01:30",2.795,2.813,2.795,2.813,0.015,+0.54%,216
"2023-03-03 02:00",2.812,2.832,2.805,2.826,0.013,+0.46%,940
"2023-03-03 02:30",2.825,2.827,2.81,2.811,-0.015,-0.53%,318
"2023-03-03 03:00",2.809,2.815,2.805,2.809,-0.002,-0.07%,375
"2023-03-03 03:30",2.808,2.814,2.807,2.812,0.003,+0.11%,118
"2023-03-03 04:00",2.812,2.812,2.786,2.807,-0.005,-0.18%,504
"2023-03-03 04:30",2.808,2.821,2.797,2.814,0.007,+0.25%,339
"2023-03-03 05:00",2.813,2.822,2.797,2.812,-0.002,-0.07%,674
"2023-03-03 05:30",2.814,2.818,2.807,2.811,-0.001,-0.04%,275
"2023-03-03 06:00",2.81,2.826,2.809,2.816,0.005,+0.18%,709
"2023-03-03 06:30",2.817,2.84,2.814,2.823,0.007,+0.25%,2129
"2023-03-03 07:00",2.823,2.85,2.819,2.833,0.01,+0.35%,4170
"2023-03-03 07:30",2.833,2.86,2.826,2.829,-0.004,-0.14%,3113
"2023-03-03 08:00",2.828,2.848,2.817,2.83,0.001,+0.04%,5832
"2023-03-03 08:30",2.831,2.833,2.8,2.813,-0.017,-0.60%,5788
"2023-03-03 09:00",2.814,2.834,2.806,2.815,0.002,+0.07%,4636
"2023-03-03 09:30",2.816,2.832,2.815,2.832,0.017,+0.60%,3251
"2023-03-03 10:00",2.833,2.845,2.822,2.84,0.008,+0.28%,3222
"2023-03-03 10:30",2.841,2.868,2.84,2.867,0.027,+0.95%,6140
"2023-03-03 11:00",2.866,2.894,2.854,2.892,0.025,+0.87%,7076
"2023-03-03 11:30",2.892,2.974,2.889,2.96,0.068,+2.35%,14507
"2023-03-03 12:00",2.961,3.004,2.959,2.997,0.037,+1.25%,16083
"2023-03-03 12:30",2.997,3.012,2.975,2.985,-0.012,-0.40%,7847
"2023-03-03 13:00",2.986,3.027,2.973,3.015,0.03,+1.01%,19611
"2023-03-03 13:30",3.014,3.022,2.997,3.011,-0.004,-0.13%,6537
"2023-03-03 14:00",3.012,3.014,2.996,3,-0.011,-0.37%,4003
"2023-03-03 14:30",3.001,3.004,2.993,2.995,-0.005,-0.17%,2432
"2023-03-03 15:00",2.995,3.009,2.993,3.006,0.011,+0.37%,1048
"2023-03-03 15:30",3.005,3.02,3.003,3.016,0.01,+0.33%,742
"2023-03-05 17:00",2.83,2.83,2.746,2.753,-0.263,-8.72%,8182
"2023-03-05 17:30",2.752,2.759,2.731,2.737,-0.016,-0.58%,2120
"2023-03-05 18:00",2.738,2.754,2.733,2.737,0,0.00%,1068
"2023-03-05 18:30",2.738,2.743,2.717,2.722,-0.015,-0.55%,1202
"2023-03-05 19:00",2.724,2.729,2.715,2.724,0.002,+0.07%,929
"2023-03-05 19:30",2.723,2.732,2.715,2.719,-0.005,-0.18%,791
"2023-03-05 20:00",2.719,2.72,2.694,2.709,-0.01,-0.37%,843
"2023-03-05 20:30",2.709,2.72,2.708,2.714,0.005,+0.18%,660
"2023-03-05 21:00",2.713,2.718,2.705,2.711,-0.003,-0.11%,460
"2023-03-05 21:30",2.711,2.735,2.711,2.721,0.01,+0.37%,767
"2023-03-05 22:00",2.721,2.729,2.715,2.717,-0.004,-0.15%,401
"2023-03-05 22:30",2.716,2.719,2.707,2.708,-0.009,-0.33%,455
"2023-03-05 23:00",2.708,2.719,2.708,2.715,0.007,+0.26%,341
"2023-03-05 23:30",2.716,2.725,2.71,2.716,0.001,+0.04%,593
"2023-03-06 00:00",2.713,2.723,2.708,2.714,-0.002,-0.07%,795
"2023-03-06 00:30",2.713,2.714,2.699,2.701,-0.013,-0.48%,495
"2023-03-06 01:00",2.7,2.71,2.677,2.682,-0.019,-0.70%,1388
"2023-03-06 01:30",2.682,2.699,2.681,2.698,0.016,+0.60%,483
"2023-03-06 02:00",2.697,2.709,2.693,2.708,0.01,+0.37%,1281
"2023-03-06 02:30",2.708,2.72,2.69,2.693,-0.015,-0.55%,1168
"2023-03-06 03:00",2.694,2.715,2.694,2.699,0.006,+0.22%,985
"2023-03-06 03:30",2.699,2.704,2.685,2.7,0.001,+0.04%,690
"2023-03-06 04:00",2.698,2.702,2.69,2.697,-0.003,-0.11%,513
"2023-03-06 04:30",2.697,2.699,2.689,2.69,-0.007,-0.26%,399
"2023-03-06 05:00",2.69,2.705,2.673,2.687,-0.003,-0.11%,2123
"2023-03-06 05:30",2.686,2.689,2.657,2.671,-0.016,-0.60%,2673
"2023-03-06 06:00",2.671,2.69,2.655,2.679,0.008,+0.30%,3222
"2023-03-06 06:30",2.68,2.685,2.665,2.674,-0.005,-0.19%,3466
"2023-03-06 07:00",2.674,2.674,2.612,2.637,-0.037,-1.38%,9137
"2023-03-06 07:30",2.636,2.65,2.621,2.628,-0.009,-0.34%,5607
"2023-03-06 08:00",2.63,2.64,2.61,2.632,0.004,+0.15%,15152
"2023-03-06 08:30",2.63,2.652,2.626,2.638,0.006,+0.23%,11761
"2023-03-06 09:00",2.637,2.644,2.596,2.604,-0.034,-1.29%,9841
"2023-03-06 09:30",2.604,2.613,2.553,2.563,-0.041,-1.57%,12163
"2023-03-06 10:00",2.564,2.608,2.561,2.605,0.042,+1.64%,6658
"2023-03-06 10:30",2.604,2.607,2.575,2.58,-0.025,-0.96%,4902
"2023-03-06 11:00",2.58,2.601,2.573,2.575,-0.005,-0.19%,4774
"2023-03-06 11:30",2.574,2.583,2.558,2.569,-0.006,-0.23%,4504
"2023-03-06 12:00",2.568,2.585,2.533,2.581,0.012,+0.47%,10254
"2023-03-06 12:30",2.581,2.608,2.573,2.583,0.002,+0.08%,7419
"2023-03-06 13:00",2.583,2.592,2.532,2.575,-0.008,-0.31%,21819
"2023-03-06 13:30",2.575,2.616,2.574,2.606,0.031,+1.20%,7043
"2023-03-06 14:00",2.606,2.61,2.595,2.599,-0.007,-0.27%,2351
"2023-03-06 14:30",2.6,2.618,2.6,2.616,0.017,+0.65%,1940
"2023-03-06 15:00",2.617,2.619,2.605,2.612,-0.004,-0.15%,1032
"2023-03-06 15:30",2.613,2.617,2.597,2.605,-0.007,-0.27%,1022
"2023-03-06 17:00",2.603,2.619,2.602,2.618,0.013,+0.50%,361
"2023-03-06 17:30",2.618,2.618,2.604,2.604,-0.014,-0.53%,150
"2023-03-06 18:00",2.606,2.61,2.588,2.598,-0.006,-0.23%,404
"2023-03-06 18:30",2.599,2.602,2.593,2.596,-0.002,-0.08%,184
"2023-03-06 19:00",2.595,2.604,2.583,2.604,0.008,+0.31%,300
"2023-03-06 19:30",2.602,2.606,2.596,2.603,-0.001,-0.04%,231
"2023-03-06 20:00",2.602,2.613,2.595,2.599,-0.004,-0.15%,295
"2023-03-06 20:30",2.599,2.601,2.585,2.587,-0.012,-0.46%,258
"2023-03-06 21:00",2.587,2.589,2.567,2.573,-0.014,-0.54%,848
"2023-03-06 21:30",2.571,2.574,2.521,2.546,-0.027,-1.05%,1683
"2023-03-06 22:00",2.547,2.55,2.512,2.513,-0.033,-1.30%,865
"2023-03-06 22:30",2.513,2.525,2.506,2.521,0.008,+0.32%,629
"2023-03-06 23:00",2.521,2.526,2.517,2.526,0.005,+0.20%,272
"2023-03-06 23:30",2.525,2.548,2.524,2.548,0.022,+0.87%,518
"2023-03-07 00:00",2.547,2.575,2.54,2.571,0.023,+0.90%,1070
"2023-03-07 00:30",2.572,2.579,2.564,2.574,0.003,+0.12%,311
"2023-03-07 01:00",2.573,2.576,2.551,2.551,-0.023,-0.89%,435
"2023-03-07 01:30",2.55,2.563,2.529,2.558,0.007,+0.27%,737
"2023-03-07 02:00",2.56,2.582,2.55,2.567,0.009,+0.35%,930
"2023-03-07 02:30",2.565,2.574,2.56,2.57,0.003,+0.12%,254
"2023-03-07 03:00",2.569,2.577,2.567,2.572,0.002,+0.08%,330
"2023-03-07 03:30",2.57,2.57,2.56,2.57,-0.002,-0.08%,253
"2023-03-07 04:00",2.57,2.574,2.563,2.564,-0.006,-0.23%,179
"2023-03-07 04:30",2.564,2.573,2.564,2.572,0.008,+0.31%,209
"2023-03-07 05:00",2.571,2.608,2.571,2.594,0.022,+0.86%,1373
"2023-03-07 05:30",2.594,2.597,2.576,2.588,-0.006,-0.23%,687
"2023-03-07 06:00",2.588,2.615,2.584,2.602,0.014,+0.54%,1421
"2023-03-07 06:30",2.603,2.644,2.601,2.637,0.035,+1.35%,3999
"2023-03-07 07:00",2.637,2.655,2.608,2.615,-0.022,-0.83%,4251
"2023-03-07 07:30",2.615,2.637,2.607,2.631,0.016,+0.61%,2617
"2023-03-07 08:00",2.632,2.652,2.612,2.634,0.003,+0.11%,7273
"2023-03-07 08:30",2.634,2.641,2.601,2.62,-0.014,-0.53%,5918
"2023-03-07 09:00",2.62,2.634,2.592,2.627,0.007,+0.27%,5067
"2023-03-07 09:30",2.626,2.638,2.612,2.626,-0.001,-0.04%,2944
"2023-03-07 10:00",2.627,2.641,2.609,2.632,0.006,+0.23%,4439
"2023-03-07 10:30",2.632,2.658,2.626,2.633,0.001,+0.04%,4390
"2023-03-07 11:00",2.633,2.648,2.623,2.628,-0.005,-0.19%,3123
"2023-03-07 11:30",2.629,2.662,2.618,2.66,0.032,+1.22%,4108
"2023-03-07 12:00",2.66,2.66,2.629,2.647,-0.013,-0.49%,3567
"2023-03-07 12:30",2.647,2.658,2.634,2.649,0.002,+0.08%,3123
"2023-03-07 13:00",2.649,2.694,2.645,2.688,0.039,+1.47%,15805
"2023-03-07 13:30",2.688,2.698,2.656,2.663,-0.025,-0.93%,7289
"2023-03-07 14:00",2.664,2.673,2.654,2.659,-0.004,-0.15%,1754
"2023-03-07 14:30",2.659,2.669,2.655,2.658,-0.001,-0.04%,1249
"2023-03-07 15:00",2.656,2.663,2.654,2.66,0.002,+0.08%,1287
"2023-03-07 15:30",2.66,2.663,2.656,2.658,-0.002,-0.08%,703
"2023-03-07 17:00",2.662,2.666,2.656,2.657,-0.001,-0.04%,181
"2023-03-07 17:30",2.657,2.658,2.641,2.648,-0.009,-0.34%,326
"2023-03-07 18:00",2.645,2.645,2.63,2.637,-0.011,-0.42%,399
"2023-03-07 18:30",2.637,2.645,2.637,2.642,0.005,+0.19%,151
"2023-03-07 19:00",2.643,2.654,2.643,2.65,0.008,+0.30%,286
"2023-03-07 19:30",2.651,2.659,2.648,2.653,0.003,+0.11%,156
"2023-03-07 20:00",2.653,2.656,2.648,2.65,-0.003,-0.11%,118
"2023-03-07 20:30",2.65,2.658,2.648,2.651,0.001,+0.04%,86
"2023-03-07 21:00",2.65,2.654,2.647,2.651,0,0.00%,86
"2023-03-07 21:30",2.65,2.65,2.636,2.643,-0.008,-0.30%,293
"2023-03-07 22:00",2.644,2.656,2.643,2.653,0.01,+0.38%,143
"2023-03-07 22:30",2.653,2.666,2.652,2.663,0.01,+0.38%,178
"2023-03-07 23:00",2.663,2.675,2.659,2.666,0.003,+0.11%,287
"2023-03-07 23:30",2.667,2.674,2.666,2.669,0.003,+0.11%,224
"2023-03-08 00:00",2.668,2.673,2.666,2.671,0.002,+0.07%,233
"2023-03-08 00:30",2.672,2.68,2.666,2.666,-0.005,-0.19%,183
"2023-03-08 01:00",2.666,2.678,2.666,2.669,0.003,+0.11%,255
"2023-03-08 01:30",2.671,2.677,2.671,2.671,0.002,+0.07%,139
"2023-03-08 02:00",2.672,2.679,2.665,2.679,0.008,+0.30%,387
"2023-03-08 02:30",2.68,2.694,2.679,2.682,0.003,+0.11%,463
"2023-03-08 03:00",2.683,2.689,2.676,2.687,0.005,+0.19%,201
"2023-03-08 03:30",2.687,2.689,2.671,2.675,-0.012,-0.45%,297
"2023-03-08 04:00",2.675,2.677,2.657,2.663,-0.012,-0.45%,584
"2023-03-08 04:30",2.663,2.67,2.644,2.646,-0.017,-0.64%,501
"2023-03-08 05:00",2.646,2.647,2.618,2.638,-0.008,-0.30%,1752
"2023-03-08 05:30",2.638,2.646,2.62,2.633,-0.005,-0.19%,849
"2023-03-08 06:00",2.634,2.635,2.61,2.624,-0.009,-0.34%,1911
"2023-03-08 06:30",2.624,2.637,2.609,2.635,0.011,+0.42%,2483
"2023-03-08 07:00",2.635,2.635,2.604,2.616,-0.019,-0.72%,3012
"2023-03-08 07:30",2.616,2.644,2.605,2.642,0.026,+0.99%,2891
"2023-03-08 08:00",2.641,2.646,2.623,2.636,-0.006,-0.23%,4602
"2023-03-08 08:30",2.636,2.638,2.565,2.568,-0.068,-2.58%,8946
"2023-03-08 09:00",2.568,2.574,2.531,2.548,-0.02,-0.78%,9772
"2023-03-08 09:30",2.549,2.569,2.534,2.54,-0.008,-0.31%,3971
"2023-03-08 10:00",2.54,2.577,2.535,2.572,0.032,+1.26%,4600
"2023-03-08 10:30",2.573,2.575,2.541,2.555,-0.017,-0.66%,3527
"2023-03-08 11:00",2.555,2.575,2.544,2.571,0.016,+0.63%,3855
"2023-03-08 11:30",2.572,2.598,2.561,2.563,-0.008,-0.31%,5421
"2023-03-08 12:00",2.564,2.57,2.535,2.542,-0.021,-0.82%,3505
"2023-03-08 12:30",2.543,2.564,2.519,2.542,0,0.00%,3606
"2023-03-08 13:00",2.542,2.559,2.525,2.556,0.014,+0.55%,9774
"2023-03-08 13:30",2.557,2.596,2.556,2.589,0.033,+1.29%,3039
"2023-03-08 14:00",2.591,2.606,2.578,2.588,-0.001,-0.04%,1888
"2023-03-08 14:30",2.588,2.606,2.585,2.598,0.01,+0.39%,1459
"2023-03-08 15:00",2.598,2.602,2.592,2.595,-0.003,-0.12%,501
"2023-03-08 15:30",2.594,2.597,2.584,2.593,-0.002,-0.08%,477
"2023-03-08 17:00",2.59,2.598,2.59,2.595,0.002,+0.08%,205
"2023-03-08 17:30",2.595,2.597,2.59,2.594,-0.001,-0.04%,100
"2023-03-08 18:00",2.594,2.614,2.586,2.605,0.011,+0.42%,333
"2023-03-08 18:30",2.605,2.609,2.602,2.608,0.003,+0.12%,159
"2023-03-08 19:00",2.607,2.607,2.591,2.599,-0.009,-0.35%,229
"2023-03-08 19:30",2.599,2.601,2.596,2.597,-0.002,-0.08%,83
"2023-03-08 20:00",2.598,2.609,2.594,2.601,0.004,+0.15%,233
"2023-03-08 20:30",2.599,2.606,2.598,2.605,0.004,+0.15%,79
"2023-03-08 21:00",2.605,2.607,2.597,2.605,0,0.00%,105
"2023-03-08 21:30",2.606,2.623,2.604,2.62,0.015,+0.58%,330
"2023-03-08 22:00",2.62,2.624,2.615,2.617,-0.003,-0.11%,177
"2023-03-08 22:30",2.618,2.632,2.617,2.625,0.008,+0.31%,243
"2023-03-08 23:00",2.627,2.638,2.627,2.634,0.009,+0.34%,198
"2023-03-08 23:30",2.634,2.64,2.623,2.637,0.003,+0.11%,470
"2023-03-09 00:00",2.637,2.639,2.628,2.639,0.002,+0.08%,240
"2023-03-09 00:30",2.638,2.64,2.607,2.619,-0.02,-0.76%,723
"2023-03-09 01:00",2.617,2.619,2.587,2.602,-0.017,-0.65%,920
"2023-03-09 01:30",2.601,2.603,2.592,2.603,0.001,+0.04%,430
"2023-03-09 02:00",2.602,2.615,2.602,2.607,0.004,+0.15%,612
"2023-03-09 02:30",2.608,2.609,2.597,2.6,-0.007,-0.27%,299
"2023-03-09 03:00",2.6,2.6,2.588,2.596,-0.004,-0.15%,519
"2023-03-09 03:30",2.596,2.599,2.577,2.588,-0.008,-0.31%,836
"2023-03-09 04:00",2.587,2.597,2.583,2.596,0.008,+0.31%,426
"2023-03-09 04:30",2.596,2.603,2.591,2.603,0.007,+0.27%,344
"2023-03-09 05:00",2.604,2.63,2.598,2.629,0.026,+1.00%,847
"2023-03-09 05:30",2.627,2.639,2.625,2.628,-0.001,-0.04%,919
"2023-03-09 06:00",2.627,2.644,2.624,2.636,0.008,+0.30%,1331
"2023-03-09 06:30",2.635,2.636,2.618,2.624,-0.012,-0.46%,1775
"2023-03-09 07:00",2.623,2.629,2.599,2.605,-0.019,-0.72%,2875
"2023-03-09 07:30",2.604,2.619,2.586,2.595,-0.01,-0.38%,3143
"2023-03-09 08:00",2.597,2.619,2.589,2.612,0.017,+0.66%,3812
"2023-03-09 08:30",2.611,2.632,2.611,2.628,0.016,+0.61%,4658
"2023-03-09 09:00",2.628,2.639,2.607,2.63,0.002,+0.08%,4058
"2023-03-09 09:30",2.631,2.633,2.537,2.539,-0.091,-3.46%,10519
"2023-03-09 10:00",2.538,2.551,2.527,2.541,0.002,+0.08%,4777
"2023-03-09 10:30",2.541,2.568,2.513,2.564,0.023,+0.91%,5850
"2023-03-09 11:00",2.563,2.58,2.544,2.569,0.005,+0.20%,4775
"2023-03-09 11:30",2.569,2.574,2.527,2.529,-0.04,-1.56%,3071
"2023-03-09 12:00",2.529,2.548,2.52,2.541,0.012,+0.47%,2634
"2023-03-09 12:30",2.542,2.542,2.465,2.472,-0.069,-2.72%,5481
"2023-03-09 13:00",2.471,2.55,2.47,2.542,0.07,+2.83%,9524
"2023-03-09 13:30",2.542,2.542,2.494,2.503,-0.039,-1.53%,4429
"2023-03-09 14:00",2.503,2.505,2.486,2.49,-0.013,-0.52%,1549
"2023-03-09 14:30",2.49,2.508,2.488,2.493,0.003,+0.12%,1834
"2023-03-09 15:00",2.493,2.495,2.482,2.484,-0.009,-0.36%,917
"2023-03-09 15:30",2.484,2.501,2.483,2.492,0.008,+0.32%,808
"2023-03-09 17:00",2.494,2.497,2.48,2.48,-0.012,-0.48%,269
"2023-03-09 17:30",2.482,2.484,2.465,2.468,-0.012,-0.48%,278
"2023-03-09 18:00",2.469,2.484,2.466,2.475,0.007,+0.28%,352
"2023-03-09 18:30",2.474,2.478,2.471,2.474,-0.001,-0.04%,182
"2023-03-09 19:00",2.474,2.485,2.473,2.483,0.009,+0.36%,207
"2023-03-09 19:30",2.485,2.493,2.481,2.484,0.001,+0.04%,165
"2023-03-09 20:00",2.484,2.493,2.483,2.489,0.005,+0.20%,147
"2023-03-09 20:30",2.488,2.494,2.486,2.494,0.005,+0.20%,91
"2023-03-09 21:00",2.495,2.499,2.491,2.496,0.002,+0.08%,68
"2023-03-09 21:30",2.496,2.499,2.494,2.498,0.002,+0.08%,106
"2023-03-09 22:00",2.498,2.5,2.494,2.498,0,0.00%,115
"2023-03-09 22:30",2.498,2.513,2.498,2.513,0.015,+0.60%,187
"2023-03-09 23:00",2.513,2.525,2.512,2.513,0,0.00%,183
"2023-03-09 23:30",2.513,2.513,2.495,2.502,-0.011,-0.44%,310
"2023-03-10 00:00",2.501,2.516,2.498,2.514,0.012,+0.48%,189
"2023-03-10 00:30",2.515,2.517,2.498,2.498,-0.016,-0.64%,163
"2023-03-10 01:00",2.499,2.509,2.478,2.488,-0.01,-0.40%,666
"2023-03-10 01:30",2.489,2.49,2.46,2.468,-0.02,-0.80%,970
"2023-03-10 02:00",2.468,2.502,2.468,2.497,0.029,+1.18%,471
"2023-03-10 02:30",2.498,2.505,2.491,2.504,0.007,+0.28%,259
"2023-03-10 03:00",2.503,2.538,2.503,2.532,0.028,+1.12%,803
"2023-03-10 03:30",2.532,2.536,2.505,2.509,-0.023,-0.91%,458
"2023-03-10 04:00",2.506,2.516,2.502,2.514,0.005,+0.20%,324
"2023-03-10 04:30",2.516,2.517,2.504,2.514,0,0.00%,191
"2023-03-10 05:00",2.513,2.518,2.501,2.514,0,0.00%,370
"2023-03-10 05:30",2.514,2.514,2.476,2.488,-0.026,-1.03%,660
"2023-03-10 06:00",2.487,2.519,2.482,2.508,0.02,+0.80%,941
"2023-03-10 06:30",2.507,2.507,2.482,2.503,-0.005,-0.20%,702
"2023-03-10 07:00",2.502,2.562,2.487,2.535,0.032,+1.28%,3517
"2023-03-10 07:30",2.534,2.546,2.485,2.494,-0.041,-1.62%,3772
"2023-03-10 08:00",2.495,2.55,2.491,2.505,0.011,+0.44%,5855
"2023-03-10 08:30",2.504,2.504,2.466,2.49,-0.015,-0.60%,5384
"2023-03-10 09:00",2.49,2.532,2.49,2.501,0.011,+0.44%,4558
"2023-03-10 09:30",2.501,2.507,2.477,2.484,-0.017,-0.68%,2483
"2023-03-10 10:00",2.483,2.513,2.479,2.505,0.021,+0.85%,1772
"2023-03-10 10:30",2.505,2.511,2.481,2.481,-0.024,-0.96%,2897
"2023-03-10 11:00",2.482,2.488,2.461,2.465,-0.016,-0.64%,3067
"2023-03-10 11:30",2.465,2.466,2.438,2.447,-0.018,-0.73%,4073
"2023-03-10 12:00",2.447,2.466,2.434,2.451,0.004,+0.16%,2908
"2023-03-10 12:30",2.449,2.45,2.426,2.432,-0.019,-0.78%,3463
"2023-03-10 13:00",2.431,2.457,2.425,2.431,-0.001,-0.04%,9256
"2023-03-10 13:30",2.431,2.448,2.431,2.447,0.016,+0.66%,2026
"2023-03-10 14:00",2.446,2.45,2.433,2.436,-0.011,-0.45%,1117
"2023-03-10 14:30",2.436,2.44,2.428,2.43,-0.006,-0.25%,970
"2023-03-10 15:00",2.431,2.439,2.43,2.436,0.006,+0.25%,465
"2023-03-10 15:30",2.434,2.442,2.431,2.436,0,0.00%,505
"2023-03-12 17:00",2.426,2.441,2.405,2.418,-0.018,-0.74%,681
"2023-03-12 17:30",2.418,2.439,2.418,2.428,0.01,+0.41%,430
"2023-03-12 18:00",2.426,2.434,2.419,2.424,-0.004,-0.16%,216
"2023-03-12 18:30",2.424,2.427,2.418,2.423,-0.001,-0.04%,148
"2023-03-12 19:00",2.422,2.447,2.422,2.441,0.018,+0.74%,392
"2023-03-12 19:30",2.443,2.454,2.439,2.449,0.008,+0.33%,338
"2023-03-12 20:00",2.449,2.449,2.437,2.44,-0.009,-0.37%,278
"2023-03-12 20:30",2.441,2.453,2.439,2.453,0.013,+0.53%,298
"2023-03-12 21:00",2.453,2.459,2.45,2.454,0.001,+0.04%,300
"2023-03-12 21:30",2.454,2.462,2.454,2.461,0.007,+0.29%,237
"2023-03-12 22:00",2.46,2.463,2.449,2.452,-0.009,-0.37%,258
"2023-03-12 22:30",2.452,2.457,2.449,2.449,-0.003,-0.12%,234
"2023-03-12 23:00",2.45,2.46,2.449,2.459,0.01,+0.41%,129
"2023-03-12 23:30",2.457,2.466,2.453,2.457,-0.002,-0.08%,198
"2023-03-13 00:00",2.457,2.462,2.454,2.46,0.003,+0.12%,201
"2023-03-13 00:30",2.459,2.466,2.454,2.459,-0.001,-0.04%,159
"2023-03-13 01:00",2.462,2.476,2.459,2.476,0.017,+0.69%,309
"2023-03-13 01:30",2.476,2.499,2.475,2.492,0.016,+0.65%,491
"2023-03-13 02:00",2.493,2.505,2.479,2.486,-0.006,-0.24%,524
"2023-03-13 02:30",2.483,2.49,2.459,2.461,-0.025,-1.01%,734
"2023-03-13 03:00",2.461,2.468,2.455,2.467,0.006,+0.24%,495
"2023-03-13 03:30",2.467,2.471,2.462,2.467,0,0.00%,141
"2023-03-13 04:00",2.469,2.469,2.427,2.434,-0.033,-1.34%,857
"2023-03-13 04:30",2.433,2.446,2.426,2.432,-0.002,-0.08%,636
"2023-03-13 05:00",2.431,2.455,2.425,2.44,0.008,+0.33%,628
"2023-03-13 05:30",2.439,2.466,2.439,2.463,0.023,+0.94%,522
"2023-03-13 06:00",2.461,2.479,2.448,2.449,-0.014,-0.57%,1080
"2023-03-13 06:30",2.45,2.467,2.422,2.435,-0.014,-0.57%,1582
"2023-03-13 07:00",2.434,2.445,2.415,2.439,0.004,+0.16%,2749
"2023-03-13 07:30",2.439,2.441,2.391,2.4,-0.039,-1.60%,3483
"2023-03-13 08:00",2.401,2.52,2.401,2.509,0.109,+4.54%,10720
"2023-03-13 08:30",2.509,2.57,2.494,2.562,0.053,+2.11%,8950
"2023-03-13 09:00",2.561,2.592,2.555,2.583,0.021,+0.82%,8345
"2023-03-13 09:30",2.584,2.62,2.584,2.618,0.035,+1.36%,9188
"2023-03-13 10:00",2.618,2.626,2.572,2.603,-0.015,-0.57%,7288
"2023-03-13 10:30",2.603,2.611,2.587,2.592,-0.011,-0.42%,3203
"2023-03-13 11:00",2.591,2.608,2.568,2.588,-0.004,-0.15%,3643
"2023-03-13 11:30",2.589,2.603,2.572,2.577,-0.011,-0.43%,2484
"2023-03-13 12:00",2.576,2.584,2.55,2.552,-0.025,-0.97%,3709
"2023-03-13 12:30",2.552,2.562,2.521,2.537,-0.015,-0.59%,3578
"2023-03-13 13:00",2.536,2.615,2.532,2.602,0.065,+2.56%,8909
"2023-03-13 13:30",2.603,2.603,2.577,2.588,-0.014,-0.54%,3049
"2023-03-13 14:00",2.588,2.602,2.583,2.598,0.01,+0.39%,1135
"2023-03-13 14:30",2.597,2.629,2.596,2.62,0.022,+0.85%,2192
"2023-03-13 15:00",2.621,2.631,2.618,2.626,0.006,+0.23%,678
"2023-03-13 15:30",2.624,2.633,2.618,2.63,0.004,+0.15%,578
"2023-03-13 17:00",2.624,2.627,2.621,2.627,-0.003,-0.11%,70
"2023-03-13 17:30",2.627,2.636,2.623,2.631,0.004,+0.15%,139
"2023-03-13 18:00",2.629,2.633,2.624,2.633,0.002,+0.08%,107
"2023-03-13 18:30",2.631,2.634,2.63,2.634,0.001,+0.04%,37
"2023-03-13 19:00",2.633,2.635,2.619,2.623,-0.011,-0.42%,174
"2023-03-13 19:30",2.625,2.628,2.617,2.626,0.003,+0.11%,132
"2023-03-13 20:00",2.626,2.629,2.611,2.619,-0.007,-0.27%,309
"2023-03-13 20:30",2.618,2.62,2.615,2.616,-0.003,-0.11%,67
"2023-03-13 21:00",2.615,2.619,2.614,2.619,0.003,+0.11%,65
"2023-03-13 21:30",2.618,2.619,2.614,2.614,-0.005,-0.19%,64
"2023-03-13 22:00",2.614,2.617,2.607,2.611,-0.003,-0.11%,175
"2023-03-13 22:30",2.609,2.611,2.606,2.607,-0.004,-0.15%,133
"2023-03-13 23:00",2.608,2.614,2.607,2.612,0.005,+0.19%,86
"2023-03-13 23:30",2.611,2.614,2.609,2.61,-0.002,-0.08%,52
"2023-03-14 00:00",2.609,2.614,2.601,2.601,-0.009,-0.34%,182
"2023-03-14 00:30",2.603,2.612,2.597,2.597,-0.004,-0.15%,131
"2023-03-14 01:00",2.598,2.633,2.598,2.625,0.028,+1.08%,379
"2023-03-14 01:30",2.624,2.632,2.614,2.621,-0.004,-0.15%,200
"2023-03-14 02:00",2.62,2.658,2.619,2.656,0.035,+1.34%,543
"2023-03-14 02:30",2.655,2.66,2.638,2.656,0,0.00%,607
"2023-03-14 03:00",2.655,2.674,2.655,2.663,0.007,+0.26%,712
"2023-03-14 03:30",2.66,2.662,2.638,2.648,-0.015,-0.56%,448
"2023-03-14 04:00",2.648,2.65,2.627,2.631,-0.017,-0.64%,293
"2023-03-14 04:30",2.631,2.649,2.628,2.641,0.01,+0.38%,312
"2023-03-14 05:00",2.644,2.645,2.619,2.621,-0.02,-0.76%,430
"2023-03-14 05:30",2.621,2.629,2.603,2.608,-0.013,-0.50%,554
"2023-03-14 06:00",2.607,2.614,2.581,2.589,-0.019,-0.73%,1360
"2023-03-14 06:30",2.587,2.607,2.574,2.607,0.018,+0.70%,1090
"2023-03-14 07:00",2.607,2.63,2.595,2.609,0.002,+0.08%,2078
"2023-03-14 07:30",2.608,2.651,2.6,2.642,0.033,+1.26%,3938
"2023-03-14 08:00",2.641,2.642,2.59,2.601,-0.041,-1.55%,4767
"2023-03-14 08:30",2.602,2.621,2.545,2.559,-0.042,-1.61%,5549
"2023-03-14 09:00",2.557,2.627,2.549,2.602,0.043,+1.68%,5462
"2023-03-14 09:30",2.601,2.616,2.575,2.594,-0.008,-0.31%,4963
"2023-03-14 10:00",2.595,2.603,2.571,2.601,0.007,+0.27%,1693
"2023-03-14 10:30",2.602,2.603,2.563,2.565,-0.036,-1.38%,2378
"2023-03-14 11:00",2.565,2.571,2.55,2.562,-0.003,-0.12%,1899
"2023-03-14 11:30",2.562,2.585,2.555,2.563,0.001,+0.04%,2340
"2023-03-14 12:00",2.562,2.571,2.53,2.549,-0.014,-0.55%,3510
"2023-03-14 12:30",2.548,2.572,2.547,2.568,0.019,+0.75%,2484
"2023-03-14 13:00",2.569,2.589,2.558,2.57,0.002,+0.08%,5425
"2023-03-14 13:30",2.569,2.607,2.567,2.588,0.018,+0.70%,2449
"2023-03-14 14:00",2.586,2.592,2.572,2.581,-0.007,-0.27%,928
"2023-03-14 14:30",2.582,2.593,2.572,2.59,0.009,+0.35%,894
"2023-03-14 15:00",2.591,2.591,2.574,2.579,-0.011,-0.42%,529
"2023-03-14 15:30",2.578,2.58,2.568,2.574,-0.005,-0.19%,286
"2023-03-14 17:00",2.577,2.581,2.574,2.575,0.001,+0.04%,69
"2023-03-14 17:30",2.574,2.577,2.571,2.572,-0.003,-0.12%,62
"2023-03-14 18:00",2.571,2.577,2.57,2.57,-0.002,-0.08%,84
"2023-03-14 18:30",2.569,2.575,2.569,2.571,0.001,+0.04%,98
"2023-03-14 19:00",2.569,2.586,2.569,2.584,0.013,+0.51%,129
"2023-03-14 19:30",2.584,2.585,2.58,2.582,-0.002,-0.08%,68
"2023-03-14 20:00",2.581,2.585,2.573,2.577,-0.005,-0.19%,150
"2023-03-14 20:30",2.578,2.579,2.575,2.576,-0.001,-0.04%,43
"2023-03-14 21:00",2.577,2.579,2.576,2.577,0.001,+0.04%,51
"2023-03-14 21:30",2.578,2.584,2.576,2.578,0.001,+0.04%,174
"2023-03-14 22:00",2.578,2.579,2.577,2.579,0.001,+0.04%,34
"2023-03-14 22:30",2.578,2.582,2.577,2.582,0.003,+0.12%,81
"2023-03-14 23:00",2.583,2.583,2.578,2.578,-0.004,-0.15%,81
"2023-03-14 23:30",2.577,2.588,2.577,2.586,0.008,+0.31%,212
"2023-03-15 00:00",2.584,2.595,2.568,2.57,-0.016,-0.62%,389
"2023-03-15 00:30",2.571,2.575,2.561,2.575,0.005,+0.19%,422
"2023-03-15 01:00",2.573,2.584,2.57,2.578,0.003,+0.12%,372
"2023-03-15 01:30",2.577,2.581,2.57,2.579,0.001,+0.04%,170
"2023-03-15 02:00",2.578,2.578,2.556,2.576,-0.003,-0.12%,374
"2023-03-15 02:30",2.576,2.589,2.57,2.589,0.013,+0.50%,363
"2023-03-15 03:00",2.589,2.592,2.577,2.586,-0.003,-0.12%,619
"2023-03-15 03:30",2.586,2.588,2.579,2.58,-0.006,-0.23%,205
"2023-03-15 04:00",2.579,2.579,2.567,2.575,-0.005,-0.19%,208
"2023-03-15 04:30",2.577,2.577,2.564,2.567,-0.008,-0.31%,228
"2023-03-15 05:00",2.567,2.569,2.544,2.551,-0.016,-0.62%,832
"2023-03-15 05:30",2.55,2.551,2.487,2.497,-0.054,-2.12%,1582
"2023-03-15 06:00",2.495,2.526,2.493,2.523,0.026,+1.04%,1558
"2023-03-15 06:30",2.523,2.525,2.51,2.517,-0.006,-0.24%,1185
"2023-03-15 07:00",2.516,2.545,2.508,2.538,0.021,+0.83%,1918
"2023-03-15 07:30",2.539,2.554,2.518,2.519,-0.019,-0.75%,2233
"2023-03-15 08:00",2.521,2.53,2.457,2.462,-0.057,-2.26%,7246
"2023-03-15 08:30",2.461,2.49,2.451,2.49,0.028,+1.14%,5206
"2023-03-15 09:00",2.488,2.492,2.466,2.47,-0.02,-0.80%,3869
"2023-03-15 09:30",2.47,2.472,2.409,2.418,-0.052,-2.11%,6564
"2023-03-15 10:00",2.418,2.438,2.405,2.425,0.007,+0.29%,5674
"2023-03-15 10:30",2.425,2.445,2.425,2.429,0.004,+0.16%,2649
"2023-03-15 11:00",2.429,2.439,2.384,2.395,-0.034,-1.40%,4991
"2023-03-15 11:30",2.396,2.425,2.385,2.417,0.022,+0.92%,4303
"2023-03-15 12:00",2.416,2.428,2.402,2.409,-0.008,-0.33%,2812
"2023-03-15 12:30",2.408,2.46,2.407,2.448,0.039,+1.62%,4430
"2023-03-15 13:00",2.448,2.452,2.405,2.437,-0.011,-0.45%,8975
"2023-03-15 13:30",2.438,2.465,2.437,2.46,0.023,+0.94%,2602
"2023-03-15 14:00",2.461,2.464,2.439,2.446,-0.014,-0.57%,1306
"2023-03-15 14:30",2.446,2.46,2.441,2.449,0.003,+0.12%,1289
"2023-03-15 15:00",2.45,2.473,2.449,2.469,0.02,+0.82%,885
"2023-03-15 15:30",2.468,2.485,2.465,2.472,0.003,+0.12%,507
"2023-03-15 17:00",2.483,2.516,2.483,2.51,0.038,+1.54%,538
"2023-03-15 17:30",2.51,2.51,2.491,2.491,-0.019,-0.76%,219
"2023-03-15 18:00",2.491,2.491,2.478,2.485,-0.006,-0.24%,160
"2023-03-15 18:30",2.486,2.501,2.481,2.501,0.016,+0.64%,143
"2023-03-15 19:00",2.5,2.554,2.49,2.495,-0.006,-0.24%,1019
"2023-03-15 19:30",2.493,2.507,2.49,2.499,0.004,+0.16%,404
"2023-03-15 20:00",2.497,2.497,2.478,2.489,-0.01,-0.40%,226
"2023-03-15 20:30",2.49,2.498,2.486,2.486,-0.003,-0.12%,92
"2023-03-15 21:00",2.488,2.49,2.46,2.471,-0.015,-0.60%,404
"2023-03-15 21:30",2.469,2.485,2.467,2.485,0.014,+0.57%,159
"2023-03-15 22:00",2.484,2.49,2.481,2.489,0.004,+0.16%,103
"2023-03-15 22:30",2.488,2.512,2.484,2.502,0.013,+0.52%,241
"2023-03-15 23:00",2.503,2.509,2.498,2.498,-0.004,-0.16%,64
"2023-03-15 23:30",2.5,2.509,2.5,2.505,0.007,+0.28%,81
"2023-03-16 00:00",2.505,2.508,2.489,2.49,-0.015,-0.60%,210
"2023-03-16 00:30",2.491,2.5,2.487,2.488,-0.002,-0.08%,159
"2023-03-16 01:00",2.49,2.5,2.485,2.497,0.009,+0.36%,257
"2023-03-16 01:30",2.496,2.507,2.483,2.486,-0.011,-0.44%,308
"2023-03-16 02:00",2.486,2.494,2.464,2.49,0.004,+0.16%,643
"2023-03-16 02:30",2.487,2.49,2.469,2.471,-0.019,-0.76%,210
"2023-03-16 03:00",2.472,2.48,2.457,2.468,-0.003,-0.12%,264
"2023-03-16 03:30",2.469,2.474,2.463,2.471,0.003,+0.12%,121
"2023-03-16 04:00",2.468,2.481,2.461,2.474,0.003,+0.12%,245
"2023-03-16 04:30",2.475,2.49,2.475,2.476,0.002,+0.08%,511
"2023-03-16 05:00",2.474,2.483,2.469,2.483,0.007,+0.28%,269
"2023-03-16 05:30",2.481,2.513,2.481,2.512,0.029,+1.17%,505
"2023-03-16 06:00",2.511,2.52,2.497,2.504,-0.008,-0.32%,744
"2023-03-16 06:30",2.504,2.512,2.475,2.496,-0.008,-0.32%,1069
"2023-03-16 07:00",2.493,2.531,2.487,2.493,-0.003,-0.12%,2537
"2023-03-16 07:30",2.491,2.492,2.429,2.474,-0.019,-0.76%,4182
"2023-03-16 08:00",2.472,2.488,2.459,2.468,-0.006,-0.24%,2862
"2023-03-16 08:30",2.468,2.505,2.466,2.5,0.032,+1.30%,3145
"2023-03-16 09:00",2.5,2.512,2.488,2.499,-0.001,-0.04%,2261
"2023-03-16 09:30",2.496,2.521,2.454,2.521,0.022,+0.88%,5666
"2023-03-16 10:00",2.521,2.546,2.512,2.516,-0.005,-0.20%,4471
"2023-03-16 10:30",2.515,2.527,2.49,2.498,-0.018,-0.72%,2616
"2023-03-16 11:00",2.499,2.511,2.476,2.511,0.013,+0.52%,2174
"2023-03-16 11:30",2.511,2.537,2.506,2.529,0.018,+0.72%,2362
"2023-03-16 12:00",2.531,2.54,2.512,2.523,-0.006,-0.24%,3388
"2023-03-16 12:30",2.523,2.544,2.52,2.528,0.005,+0.20%,2850
"2023-03-16 13:00",2.53,2.534,2.495,2.517,-0.011,-0.44%,6846
"2023-03-16 13:30",2.518,2.526,2.505,2.523,0.006,+0.24%,1633
"2023-03-16 14:00",2.522,2.525,2.515,2.525,0.002,+0.08%,688
"2023-03-16 14:30",2.525,2.538,2.521,2.53,0.005,+0.20%,1262
"2023-03-16 15:00",2.531,2.536,2.519,2.519,-0.011,-0.43%,467
"2023-03-16 15:30",2.521,2.533,2.518,2.532,0.013,+0.52%,345
"2023-03-16 17:00",2.527,2.534,2.523,2.529,-0.003,-0.12%,82
"2023-03-16 17:30",2.529,2.531,2.522,2.522,-0.007,-0.28%,80
"2023-03-16 18:00",2.524,2.525,2.513,2.519,-0.003,-0.12%,153
"2023-03-16 18:30",2.518,2.524,2.514,2.52,0.001,+0.04%,149
"2023-03-16 19:00",2.518,2.523,2.513,2.513,-0.007,-0.28%,113
"2023-03-16 19:30",2.516,2.531,2.495,2.506,-0.007,-0.28%,900
"2023-03-16 20:00",2.508,2.516,2.501,2.507,0.001,+0.04%,165
"2023-03-16 20:30",2.505,2.513,2.504,2.513,0.006,+0.24%,66
"2023-03-16 21:00",2.513,2.517,2.509,2.513,0,0.00%,93
"2023-03-16 21:30",2.515,2.517,2.509,2.514,0.001,+0.04%,71
"2023-03-16 22:00",2.512,2.523,2.511,2.518,0.004,+0.16%,110
"2023-03-16 22:30",2.518,2.52,2.511,2.514,-0.004,-0.16%,53
"2023-03-16 23:00",2.515,2.522,2.512,2.512,-0.002,-0.08%,38
"2023-03-16 23:30",2.513,2.522,2.513,2.517,0.005,+0.20%,70
"2023-03-17 00:00",2.517,2.521,2.506,2.506,-0.011,-0.44%,111
"2023-03-17 00:30",2.507,2.515,2.502,2.504,-0.002,-0.08%,106
"2023-03-17 01:00",2.503,2.51,2.486,2.497,-0.007,-0.28%,400
"2023-03-17 01:30",2.497,2.511,2.496,2.505,0.008,+0.32%,129
"2023-03-17 02:00",2.507,2.532,2.507,2.516,0.011,+0.44%,318
"2023-03-17 02:30",2.515,2.524,2.505,2.511,-0.005,-0.20%,181
"2023-03-17 03:00",2.513,2.515,2.499,2.512,0.001,+0.04%,251
"2023-03-17 03:30",2.51,2.517,2.5,2.501,-0.011,-0.44%,144
"2023-03-17 04:00",2.503,2.506,2.48,2.481,-0.02,-0.80%,562
"2023-03-17 04:30",2.482,2.497,2.48,2.496,0.015,+0.60%,361
"2023-03-17 05:00",2.496,2.499,2.463,2.465,-0.031,-1.24%,467
"2023-03-17 05:30",2.465,2.475,2.461,2.473,0.008,+0.32%,287
"2023-03-17 06:00",2.472,2.473,2.441,2.447,-0.026,-1.05%,1010
"2023-03-17 06:30",2.446,2.449,2.421,2.429,-0.018,-0.74%,1550
"2023-03-17 07:00",2.428,2.428,2.397,2.419,-0.01,-0.41%,3534
"2023-03-17 07:30",2.418,2.429,2.403,2.425,0.006,+0.25%,2321
"2023-03-17 08:00",2.425,2.43,2.398,2.407,-0.018,-0.74%,4135
"2023-03-17 08:30",2.408,2.422,2.369,2.384,-0.023,-0.96%,6648
"2023-03-17 09:00",2.385,2.389,2.356,2.375,-0.009,-0.38%,5171
"2023-03-17 09:30",2.375,2.384,2.359,2.372,-0.003,-0.13%,2667
"2023-03-17 10:00",2.373,2.381,2.352,2.353,-0.019,-0.80%,2287
"2023-03-17 10:30",2.352,2.377,2.344,2.369,0.016,+0.68%,3306
"2023-03-17 11:00",2.37,2.393,2.37,2.382,0.013,+0.55%,2658
"2023-03-17 11:30",2.382,2.394,2.372,2.388,0.006,+0.25%,1975
"2023-03-17 12:00",2.389,2.396,2.37,2.387,-0.001,-0.04%,2673
"2023-03-17 12:30",2.389,2.391,2.36,2.375,-0.012,-0.50%,1819
"2023-03-17 13:00",2.376,2.376,2.327,2.344,-0.031,-1.31%,12155
"2023-03-17 13:30",2.344,2.361,2.34,2.352,0.008,+0.34%,3192
"2023-03-17 14:00",2.352,2.358,2.342,2.348,-0.004,-0.17%,1339
"2023-03-17 14:30",2.348,2.358,2.344,2.355,0.007,+0.30%,704
"2023-03-17 15:00",2.356,2.363,2.354,2.362,0.007,+0.30%,630
"2023-03-17 15:30",2.363,2.363,2.33,2.35,-0.012,-0.51%,582
"2023-03-19 17:00",2.347,2.369,2.333,2.356,0.006,+0.26%,845
"2023-03-19 17:30",2.357,2.372,2.354,2.359,0.003,+0.13%,443
"2023-03-19 18:00",2.356,2.365,2.353,2.357,-0.002,-0.08%,136
"2023-03-19 18:30",2.357,2.366,2.357,2.364,0.007,+0.30%,82
"2023-03-19 19:00",2.363,2.373,2.363,2.367,0.003,+0.13%,435
"2023-03-19 19:30",2.366,2.368,2.362,2.367,0,0.00%,171
"2023-03-19 20:00",2.365,2.374,2.364,2.374,0.007,+0.30%,115
"2023-03-19 20:30",2.373,2.376,2.37,2.37,-0.004,-0.17%,103
"2023-03-19 21:00",2.371,2.374,2.371,2.373,0.003,+0.13%,41
"2023-03-19 21:30",2.371,2.373,2.37,2.373,0,0.00%,63
"2023-03-19 22:00",2.372,2.373,2.367,2.368,-0.005,-0.21%,61
"2023-03-19 22:30",2.368,2.37,2.363,2.368,0,0.00%,137
"2023-03-19 23:00",2.367,2.367,2.364,2.364,-0.004,-0.17%,60
"2023-03-19 23:30",2.364,2.364,2.356,2.362,-0.002,-0.08%,199
"2023-03-20 00:00",2.361,2.364,2.355,2.363,0.001,+0.04%,137
"2023-03-20 00:30",2.363,2.37,2.362,2.369,0.006,+0.25%,55
"2023-03-20 01:00",2.368,2.37,2.361,2.365,-0.004,-0.17%,155
"2023-03-20 01:30",2.364,2.367,2.34,2.34,-0.025,-1.06%,628
"2023-03-20 02:00",2.339,2.344,2.312,2.34,0,0.00%,845
"2023-03-20 02:30",2.339,2.364,2.333,2.348,0.008,+0.34%,461
"2023-03-20 03:00",2.347,2.354,2.331,2.332,-0.016,-0.68%,448
"2023-03-20 03:30",2.336,2.376,2.332,2.373,0.041,+1.76%,465
"2023-03-20 04:00",2.374,2.378,2.366,2.372,-0.001,-0.04%,446
"2023-03-20 04:30",2.374,2.394,2.374,2.388,0.016,+0.67%,604
"2023-03-20 05:00",2.386,2.393,2.376,2.376,-0.012,-0.50%,251
"2023-03-20 05:30",2.376,2.404,2.376,2.401,0.025,+1.05%,477
"2023-03-20 06:00",2.4,2.411,2.386,2.389,-0.012,-0.50%,699
"2023-03-20 06:30",2.39,2.403,2.366,2.4,0.011,+0.46%,1086
"2023-03-20 07:00",2.402,2.427,2.397,2.425,0.025,+1.04%,2338
"2023-03-20 07:30",2.426,2.427,2.371,2.373,-0.052,-2.14%,2226
"2023-03-20 08:00",2.372,2.388,2.308,2.325,-0.048,-2.02%,4932
"2023-03-20 08:30",2.325,2.335,2.287,2.289,-0.036,-1.55%,5825
"2023-03-20 09:00",2.288,2.298,2.27,2.281,-0.008,-0.35%,4546
"2023-03-20 09:30",2.28,2.301,2.269,2.288,0.007,+0.31%,3272
"2023-03-20 10:00",2.287,2.299,2.265,2.27,-0.018,-0.79%,2560
"2023-03-20 10:30",2.271,2.276,2.258,2.268,-0.002,-0.09%,2231
"2023-03-20 11:00",2.268,2.268,2.251,2.267,-0.001,-0.04%,3125
"2023-03-20 11:30",2.268,2.288,2.264,2.28,0.013,+0.57%,1666
"2023-03-20 12:00",2.282,2.282,2.244,2.244,-0.036,-1.58%,2262
"2023-03-20 12:30",2.245,2.249,2.227,2.233,-0.011,-0.49%,2649
"2023-03-20 13:00",2.233,2.249,2.211,2.23,-0.003,-0.13%,10094
"2023-03-20 13:30",2.23,2.252,2.223,2.242,0.012,+0.54%,2844
"2023-03-20 14:00",2.24,2.259,2.239,2.245,0.003,+0.13%,1001
"2023-03-20 14:30",2.244,2.251,2.242,2.246,0.001,+0.04%,594
"2023-03-20 15:00",2.247,2.254,2.236,2.246,0,0.00%,724
"2023-03-20 15:30",2.244,2.246,2.234,2.246,0,0.00%,384
"2023-03-20 17:00",2.246,2.248,2.239,2.244,-0.002,-0.09%,129
"2023-03-20 17:30",2.246,2.249,2.243,2.249,0.005,+0.22%,79
"2023-03-20 18:00",2.249,2.25,2.245,2.245,-0.004,-0.18%,58
"2023-03-20 18:30",2.245,2.247,2.24,2.247,0.002,+0.09%,95
"2023-03-20 19:00",2.247,2.26,2.24,2.249,0.002,+0.09%,579
"2023-03-20 19:30",2.248,2.25,2.243,2.244,-0.005,-0.22%,182
"2023-03-20 20:00",2.244,2.246,2.241,2.245,0.001,+0.04%,99
"2023-03-20 20:30",2.246,2.248,2.241,2.241,-0.004,-0.18%,88
"2023-03-20 21:00",2.241,2.247,2.241,2.246,0.005,+0.22%,133
"2023-03-20 21:30",2.246,2.25,2.242,2.242,-0.004,-0.18%,103
"2023-03-20 22:00",2.242,2.245,2.24,2.241,-0.001,-0.04%,66
"2023-03-20 22:30",2.241,2.244,2.24,2.241,0,0.00%,89
"2023-03-20 23:00",2.241,2.244,2.238,2.242,0.001,+0.04%,82
"2023-03-20 23:30",2.243,2.248,2.241,2.241,-0.001,-0.04%,81
"2023-03-21 00:00",2.241,2.246,2.234,2.241,0,0.00%,168
"2023-03-21 00:30",2.243,2.248,2.239,2.239,-0.002,-0.09%,103
"2023-03-21 01:00",2.239,2.247,2.235,2.236,-0.003,-0.13%,231
"2023-03-21 01:30",2.235,2.244,2.229,2.244,0.008,+0.36%,246
"2023-03-21 02:00",2.241,2.245,2.223,2.223,-0.021,-0.94%,242
"2023-03-21 02:30",2.224,2.234,2.21,2.233,0.01,+0.45%,428
"2023-03-21 03:00",2.232,2.262,2.232,2.261,0.028,+1.25%,1128
"2023-03-21 03:30",2.261,2.263,2.252,2.257,-0.004,-0.18%,349
"2023-03-21 04:00",2.257,2.257,2.243,2.244,-0.013,-0.58%,277
"2023-03-21 04:30",2.245,2.249,2.232,2.236,-0.008,-0.36%,224
"2023-03-21 05:00",2.235,2.237,2.201,2.207,-0.029,-1.30%,555
"2023-03-21 05:30",2.207,2.224,2.201,2.218,0.011,+0.50%,394
"2023-03-21 06:00",2.219,2.245,2.219,2.233,0.015,+0.68%,591
"2023-03-21 06:30",2.232,2.242,2.216,2.24,0.007,+0.31%,860
"2023-03-21 07:00",2.241,2.243,2.201,2.229,-0.011,-0.49%,3463
"2023-03-21 07:30",2.227,2.238,2.159,2.165,-0.064,-2.87%,5647
"2023-03-21 08:00",2.165,2.165,2.127,2.147,-0.018,-0.83%,7605
"2023-03-21 08:30",2.148,2.201,2.142,2.186,0.039,+1.82%,6352
"2023-03-21 09:00",2.186,2.203,2.154,2.162,-0.024,-1.10%,5965
"2023-03-21 09:30",2.162,2.172,2.153,2.169,0.007,+0.32%,2048
"2023-03-21 10:00",2.167,2.186,2.158,2.185,0.016,+0.74%,2703
"2023-03-21 10:30",2.185,2.193,2.176,2.18,-0.005,-0.23%,2726
"2023-03-21 11:00",2.181,2.232,2.179,2.206,0.026,+1.19%,3565
"2023-03-21 11:30",2.207,2.222,2.19,2.196,-0.01,-0.45%,2457
"2023-03-21 12:00",2.196,2.258,2.195,2.248,0.052,+2.37%,4656
"2023-03-21 12:30",2.25,2.287,2.219,2.271,0.023,+1.02%,5464
"2023-03-21 13:00",2.272,2.358,2.266,2.347,0.076,+3.35%,16427
"2023-03-21 13:30",2.347,2.35,2.296,2.302,-0.045,-1.92%,4384
"2023-03-21 14:00",2.303,2.317,2.279,2.292,-0.01,-0.43%,1820
"2023-03-21 14:30",2.293,2.315,2.29,2.311,0.019,+0.83%,1103
"2023-03-21 15:00",2.31,2.32,2.302,2.306,-0.005,-0.22%,611
"2023-03-21 15:30",2.307,2.331,2.304,2.326,0.02,+0.87%,632
"2023-03-21 17:00",2.322,2.326,2.3,2.305,-0.021,-0.90%,230
"2023-03-21 17:30",2.305,2.325,2.305,2.323,0.018,+0.78%,160
"2023-03-21 18:00",2.323,2.325,2.312,2.317,-0.006,-0.26%,126
"2023-03-21 18:30",2.318,2.319,2.31,2.31,-0.007,-0.30%,126
"2023-03-21 19:00",2.312,2.313,2.285,2.294,-0.016,-0.69%,388
"2023-03-21 19:30",2.293,2.3,2.292,2.299,0.005,+0.22%,97
"2023-03-21 20:00",2.297,2.298,2.292,2.293,-0.006,-0.26%,70
"2023-03-21 20:30",2.293,2.301,2.292,2.296,0.003,+0.13%,64
"2023-03-21 21:00",2.294,2.297,2.293,2.296,0,0.00%,103
"2023-03-21 21:30",2.294,2.301,2.293,2.298,0.002,+0.09%,117
"2023-03-21 22:00",2.296,2.299,2.293,2.297,-0.001,-0.04%,67
"2023-03-21 22:30",2.295,2.303,2.291,2.3,0.003,+0.13%,208
"2023-03-21 23:00",2.3,2.306,2.297,2.299,-0.001,-0.04%,108
"2023-03-21 23:30",2.298,2.311,2.298,2.311,0.012,+0.52%,119
"2023-03-22 00:00",2.31,2.312,2.293,2.293,-0.018,-0.78%,183
"2023-03-22 00:30",2.293,2.303,2.282,2.285,-0.008,-0.35%,243
"2023-03-22 01:00",2.284,2.291,2.269,2.277,-0.008,-0.35%,427
"2023-03-22 01:30",2.276,2.297,2.276,2.295,0.018,+0.79%,345
"2023-03-22 02:00",2.292,2.295,2.265,2.267,-0.028,-1.22%,441
"2023-03-22 02:30",2.267,2.282,2.256,2.27,0.003,+0.13%,406
"2023-03-22 03:00",2.269,2.271,2.26,2.267,-0.003,-0.13%,348
"2023-03-22 03:30",2.266,2.275,2.262,2.275,0.008,+0.35%,279
"2023-03-22 04:00",2.274,2.279,2.262,2.277,0.002,+0.09%,373
"2023-03-22 04:30",2.276,2.287,2.244,2.25,-0.027,-1.19%,579
"2023-03-22 05:00",2.248,2.263,2.242,2.262,0.012,+0.53%,581
"2023-03-22 05:30",2.262,2.262,2.236,2.242,-0.02,-0.88%,638
"2023-03-22 06:00",2.244,2.246,2.217,2.22,-0.022,-0.98%,817
"2023-03-22 06:30",2.222,2.237,2.213,2.222,0.002,+0.09%,1009
"2023-03-22 07:00",2.222,2.261,2.212,2.228,0.006,+0.27%,2795
"2023-03-22 07:30",2.227,2.267,2.216,2.26,0.032,+1.44%,3642
"2023-03-22 08:00",2.261,2.286,2.252,2.274,0.014,+0.62%,4185
"2023-03-22 08:30",2.274,2.303,2.233,2.256,-0.018,-0.79%,8042
"2023-03-22 09:00",2.255,2.275,2.225,2.234,-0.022,-0.98%,4835
"2023-03-22 09:30",2.234,2.267,2.234,2.25,0.016,+0.72%,2590
"2023-03-22 10:00",2.249,2.256,2.224,2.232,-0.018,-0.80%,2092
"2023-03-22 10:30",2.231,2.255,2.224,2.255,0.023,+1.03%,1987
"2023-03-22 11:00",2.254,2.271,2.245,2.246,-0.009,-0.40%,3112
"2023-03-22 11:30",2.246,2.253,2.228,2.23,-0.016,-0.71%,1692
"2023-03-22 12:00",2.229,2.234,2.187,2.196,-0.034,-1.52%,3938
"2023-03-22 12:30",2.194,2.213,2.191,2.198,0.002,+0.09%,2363
"2023-03-22 13:00",2.198,2.215,2.152,2.186,-0.012,-0.55%,11719
"2023-03-22 13:30",2.187,2.201,2.177,2.198,0.012,+0.55%,4097
"2023-03-22 14:00",2.197,2.2,2.18,2.184,-0.014,-0.64%,1396
"2023-03-22 14:30",2.184,2.194,2.181,2.191,0.007,+0.32%,1133
"2023-03-22 15:00",2.193,2.227,2.191,2.21,0.019,+0.87%,1486
"2023-03-22 15:30",2.211,2.229,2.204,2.217,0.007,+0.32%,637
"2023-03-22 17:00",2.215,2.22,2.207,2.212,-0.005,-0.23%,139
"2023-03-22 17:30",2.213,2.213,2.204,2.204,-0.008,-0.36%,83
"2023-03-22 18:00",2.204,2.207,2.199,2.201,-0.003,-0.14%,178
"2023-03-22 18:30",2.202,2.207,2.178,2.185,-0.016,-0.73%,248
"2023-03-22 19:00",2.186,2.195,2.175,2.194,0.009,+0.41%,136
"2023-03-22 19:30",2.195,2.197,2.188,2.194,0,0.00%,89
"2023-03-22 20:00",2.193,2.209,2.193,2.203,0.009,+0.41%,97
"2023-03-22 20:30",2.203,2.206,2.197,2.202,-0.001,-0.05%,72
"2023-03-22 21:00",2.201,2.202,2.198,2.2,-0.002,-0.09%,49
"2023-03-22 21:30",2.201,2.21,2.201,2.205,0.005,+0.23%,74
"2023-03-22 22:00",2.207,2.21,2.204,2.206,0.001,+0.05%,67
"2023-03-22 22:30",2.206,2.208,2.204,2.205,-0.001,-0.05%,43
"2023-03-22 23:00",2.205,2.207,2.204,2.207,0.002,+0.09%,26
"2023-03-22 23:30",2.207,2.214,2.202,2.206,-0.001,-0.05%,53
"2023-03-23 00:00",2.207,2.213,2.204,2.213,0.007,+0.32%,102
"2023-03-23 00:30",2.213,2.221,2.211,2.221,0.008,+0.36%,90
"2023-03-23 01:00",2.221,2.227,2.219,2.223,0.002,+0.09%,111
"2023-03-23 01:30",2.225,2.228,2.214,2.222,-0.001,-0.04%,82
"2023-03-23 02:00",2.225,2.225,2.204,2.223,0.001,+0.05%,265
"2023-03-23 02:30",2.224,2.235,2.215,2.231,0.008,+0.36%,166
"2023-03-23 03:00",2.231,2.24,2.229,2.238,0.007,+0.31%,280
"2023-03-23 03:30",2.238,2.238,2.225,2.229,-0.009,-0.40%,159
"2023-03-23 04:00",2.231,2.231,2.202,2.202,-0.027,-1.21%,260
"2023-03-23 04:30",2.202,2.205,2.188,2.197,-0.005,-0.23%,578
"2023-03-23 05:00",2.194,2.196,2.174,2.184,-0.013,-0.59%,457
"2023-03-23 05:30",2.185,2.193,2.171,2.187,0.003,+0.14%,262
"2023-03-23 06:00",2.19,2.201,2.182,2.196,0.009,+0.41%,354
"2023-03-23 06:30",2.198,2.223,2.197,2.217,0.021,+0.96%,682
"2023-03-23 07:00",2.22,2.236,2.213,2.215,-0.002,-0.09%,919
"2023-03-23 07:30",2.215,2.216,2.16,2.164,-0.051,-2.30%,2372
"2023-03-23 08:00",2.162,2.196,2.157,2.191,0.027,+1.25%,2598
"2023-03-23 08:30",2.191,2.214,2.186,2.208,0.017,+0.78%,2070
"2023-03-23 09:00",2.209,2.223,2.187,2.192,-0.016,-0.72%,1911
"2023-03-23 09:30",2.201,2.261,2.179,2.253,0.061,+2.78%,5286
"2023-03-23 10:00",2.253,2.261,2.224,2.227,-0.026,-1.15%,2730
"2023-03-23 10:30",2.227,2.228,2.189,2.189,-0.038,-1.71%,2699
"2023-03-23 11:00",2.189,2.204,2.148,2.192,0.003,+0.14%,4027
"2023-03-23 11:30",2.191,2.211,2.178,2.205,0.013,+0.59%,1699
"2023-03-23 12:00",2.205,2.207,2.188,2.201,-0.004,-0.18%,962
"2023-03-23 12:30",2.202,2.204,2.137,2.161,-0.04,-1.82%,3003
"2023-03-23 13:00",2.162,2.177,2.147,2.148,-0.013,-0.60%,4167
"2023-03-23 13:30",2.149,2.154,2.136,2.149,0.001,+0.05%,2100
"2023-03-23 14:00",2.15,2.165,2.144,2.163,0.014,+0.65%,803
"2023-03-23 14:30",2.162,2.162,2.14,2.144,-0.019,-0.88%,551
"2023-03-23 15:00",2.144,2.153,2.143,2.15,0.006,+0.28%,230
"2023-03-23 15:30",2.152,2.154,2.142,2.151,0.001,+0.05%,354
"2023-03-23 17:00",2.153,2.158,2.147,2.149,-0.002,-0.09%,76
"2023-03-23 17:30",2.151,2.153,2.146,2.153,0.004,+0.19%,18
"2023-03-23 18:00",2.148,2.155,2.148,2.152,-0.001,-0.05%,25
"2023-03-23 18:30",2.151,2.154,2.149,2.149,-0.003,-0.14%,23
"2023-03-23 19:00",2.148,2.166,2.148,2.158,0.009,+0.42%,156
"2023-03-23 19:30",2.159,2.162,2.159,2.16,0.002,+0.09%,28
"2023-03-23 20:00",2.162,2.162,2.157,2.157,-0.003,-0.14%,32
"2023-03-23 20:30",2.157,2.163,2.157,2.161,0.004,+0.19%,65
"2023-03-23 21:00",2.159,2.165,2.159,2.164,0.003,+0.14%,68
"2023-03-23 21:30",2.163,2.165,2.162,2.163,-0.001,-0.05%,12
"2023-03-23 22:00",2.164,2.181,2.163,2.181,0.018,+0.83%,252
"2023-03-23 22:30",2.179,2.179,2.171,2.175,-0.006,-0.28%,51
"2023-03-23 23:00",2.177,2.177,2.171,2.171,-0.004,-0.18%,33
"2023-03-23 23:30",2.172,2.175,2.171,2.175,0.004,+0.18%,32
"2023-03-24 00:00",2.175,2.176,2.158,2.161,-0.014,-0.64%,157
"2023-03-24 00:30",2.162,2.168,2.161,2.161,0,0.00%,44
"2023-03-24 01:00",2.161,2.169,2.159,2.168,0.007,+0.32%,118
"2023-03-24 01:30",2.167,2.175,2.163,2.169,0.001,+0.05%,92
"2023-03-24 02:00",2.169,2.181,2.169,2.176,0.007,+0.32%,183
"2023-03-24 02:30",2.177,2.182,2.159,2.159,-0.017,-0.78%,177
"2023-03-24 03:00",2.159,2.166,2.141,2.152,-0.007,-0.32%,373
"2023-03-24 03:30",2.151,2.179,2.15,2.17,0.018,+0.84%,314
"2023-03-24 04:00",2.169,2.188,2.168,2.185,0.015,+0.69%,218
"2023-03-24 04:30",2.183,2.207,2.182,2.199,0.014,+0.64%,537
"2023-03-24 05:00",2.201,2.208,2.181,2.197,-0.002,-0.09%,334
"2023-03-24 05:30",2.196,2.205,2.186,2.194,-0.003,-0.14%,191
"2023-03-24 06:00",2.192,2.207,2.178,2.207,0.013,+0.59%,394
"2023-03-24 06:30",2.208,2.227,2.2,2.214,0.007,+0.32%,748
"2023-03-24 07:00",2.215,2.234,2.21,2.223,0.009,+0.41%,981
"2023-03-24 07:30",2.223,2.23,2.174,2.179,-0.044,-1.98%,1294
"2023-03-24 08:00",2.174,2.208,2.169,2.195,0.016,+0.73%,1397
"2023-03-24 08:30",2.194,2.214,2.166,2.211,0.016,+0.73%,1136
"2023-03-24 09:00",2.211,2.231,2.185,2.194,-0.017,-0.77%,1389
"2023-03-24 09:30",2.194,2.208,2.185,2.186,-0.008,-0.36%,698
"2023-03-24 10:00",2.186,2.205,2.179,2.202,0.016,+0.73%,941
"2023-03-24 10:30",2.203,2.222,2.191,2.213,0.011,+0.50%,768
"2023-03-24 11:00",2.213,2.219,2.2,2.202,-0.011,-0.50%,767
"2023-03-24 11:30",2.203,2.225,2.182,2.195,-0.007,-0.32%,1022
"2023-03-24 12:00",2.194,2.216,2.191,2.206,0.011,+0.50%,786
"2023-03-24 12:30",2.205,2.216,2.19,2.2,-0.006,-0.27%,636
"2023-03-24 13:00",2.2,2.238,2.196,2.208,0.008,+0.36%,3208
"2023-03-24 13:30",2.208,2.218,2.191,2.195,-0.013,-0.59%,1027
"2023-03-24 14:00",2.194,2.204,2.189,2.19,-0.005,-0.23%,411
"2023-03-24 14:30",2.19,2.191,2.175,2.177,-0.013,-0.59%,593
"2023-03-24 15:00",2.176,2.186,2.174,2.183,0.006,+0.28%,266
"2023-03-24 15:30",2.185,2.191,2.173,2.181,-0.002,-0.09%,232
"2023-03-26 17:00",2.13,2.143,2.116,2.136,-0.045,-2.06%,701
"2023-03-26 17:30",2.136,2.141,2.128,2.132,-0.004,-0.19%,92
"2023-03-26 18:00",2.132,2.134,2.127,2.13,-0.002,-0.09%,44
"2023-03-26 18:30",2.126,2.128,2.122,2.128,-0.002,-0.09%,71
"2023-03-26 19:00",2.124,2.131,2.115,2.126,-0.002,-0.09%,65
"2023-03-26 19:30",2.126,2.129,2.125,2.129,0.003,+0.14%,11
"2023-03-26 20:00",2.129,2.13,2.124,2.128,-0.001,-0.05%,33
"2023-03-26 20:30",2.128,2.129,2.125,2.128,0,0.00%,9
"2023-03-26 21:00",2.128,2.131,2.125,2.125,-0.003,-0.14%,22
"2023-03-26 21:30",2.127,2.13,2.124,2.13,0.005,+0.24%,24
"2023-03-26 22:00",2.128,2.131,2.128,2.13,0,0.00%,49
"2023-03-26 22:30",2.13,2.132,2.13,2.131,0.001,+0.05%,12
"2023-03-26 23:00",2.13,2.131,2.123,2.123,-0.008,-0.38%,13
"2023-03-26 23:30",2.123,2.128,2.119,2.127,0.004,+0.19%,24
"2023-03-27 00:00",2.124,2.133,2.119,2.133,0.006,+0.28%,53
"2023-03-27 00:30",2.132,2.14,2.13,2.135,0.002,+0.09%,134
"2023-03-27 01:00",2.135,2.142,2.123,2.126,-0.009,-0.42%,199
"2023-03-27 01:30",2.126,2.132,2.122,2.13,0.004,+0.19%,245
"2023-03-27 02:00",2.129,2.131,2.102,2.102,-0.028,-1.31%,438
"2023-03-27 02:30",2.105,2.114,2.102,2.105,0.003,+0.14%,113
"2023-03-27 03:00",2.105,2.108,2.101,2.105,0,0.00%,182
"2023-03-27 03:30",2.105,2.105,2.101,2.105,0,0.00%,131
"2023-03-27 04:00",2.105,2.106,2.102,2.104,-0.001,-0.05%,31
"2023-03-27 04:30",2.102,2.111,2.101,2.11,0.006,+0.29%,169
"2023-03-27 05:00",2.11,2.124,2.11,2.117,0.007,+0.33%,165
"2023-03-27 05:30",2.119,2.124,2.115,2.12,0.003,+0.14%,96
"2023-03-27 06:00",2.119,2.14,2.118,2.131,0.011,+0.52%,293
"2023-03-27 06:30",2.131,2.14,2.117,2.128,-0.003,-0.14%,306
"2023-03-27 07:00",2.128,2.128,2.106,2.117,-0.011,-0.52%,334
"2023-03-27 07:30",2.115,2.129,2.071,2.119,0.002,+0.09%,1496
"2023-03-27 08:00",2.119,2.131,2.09,2.129,0.01,+0.47%,1278
"2023-03-27 08:30",2.129,2.13,2.101,2.115,-0.014,-0.66%,1080
"2023-03-27 09:00",2.115,2.136,2.106,2.133,0.018,+0.85%,738
"2023-03-27 09:30",2.132,2.135,2.102,2.105,-0.028,-1.31%,840
"2023-03-27 10:00",2.105,2.105,2.092,2.096,-0.009,-0.43%,897
"2023-03-27 10:30",2.094,2.103,2.085,2.086,-0.01,-0.48%,740
"2023-03-27 11:00",2.086,2.092,2.079,2.08,-0.006,-0.29%,622
"2023-03-27 11:30",2.081,2.091,2.077,2.081,0.001,+0.05%,608
"2023-03-27 12:00",2.08,2.083,2.062,2.068,-0.013,-0.62%,763
"2023-03-27 12:30",2.067,2.092,2.065,2.074,0.006,+0.29%,858
"2023-03-27 13:00",2.075,2.093,2.059,2.089,0.015,+0.72%,1940
"2023-03-27 13:30",2.09,2.109,2.089,2.097,0.008,+0.38%,926
"2023-03-27 14:00",2.1,2.102,2.088,2.099,0.002,+0.10%,205
"2023-03-27 14:30",2.099,2.103,2.093,2.093,-0.006,-0.29%,268
"2023-03-27 15:00",2.092,2.095,2.088,2.089,-0.004,-0.19%,145
"2023-03-27 15:30",2.09,2.09,2.075,2.076,-0.013,-0.62%,283
"2023-03-27 17:00",2.089,2.104,2.088,2.1,0.024,+1.16%,100
"2023-03-27 17:30",2.097,2.115,2.097,2.11,0.01,+0.48%,64
"2023-03-27 18:00",2.107,2.114,2.107,2.108,-0.002,-0.09%,49
"2023-03-27 18:30",2.107,2.115,2.106,2.115,0.007,+0.33%,82
"2023-03-27 19:00",2.117,2.122,2.112,2.112,-0.003,-0.14%,48
"2023-03-27 19:30",2.116,2.116,2.113,2.113,0.001,+0.05%,3
"2023-03-27 20:00",2.114,2.117,2.107,2.114,0.001,+0.05%,20
"2023-03-27 20:30",2.114,2.114,2.104,2.104,-0.01,-0.47%,50
"2023-03-27 21:00",2.102,2.106,2.091,2.094,-0.01,-0.48%,60
"2023-03-27 21:30",2.093,2.098,2.093,2.096,0.002,+0.10%,8
"2023-03-27 22:00",2.096,2.096,2.092,2.095,-0.001,-0.05%,9
"2023-03-27 22:30",2.094,2.095,2.09,2.094,-0.001,-0.05%,31
"2023-03-27 23:00",2.098,2.099,2.084,2.084,-0.01,-0.48%,26
"2023-03-27 23:30",2.083,2.089,2.082,2.088,0.004,+0.19%,61
"2023-03-28 00:00",2.088,2.095,2.086,2.095,0.007,+0.34%,18
"2023-03-28 00:30",2.093,2.1,2.091,2.093,-0.002,-0.10%,21
"2023-03-28 01:00",2.096,2.104,2.083,2.102,0.009,+0.43%,36
"2023-03-28 01:30",2.105,2.115,2.1,2.107,0.005,+0.24%,87
"2023-03-28 02:00",2.103,2.104,2.089,2.089,-0.018,-0.85%,73
"2023-03-28 02:30",2.09,2.095,2.083,2.084,-0.005,-0.24%,62
"2023-03-28 03:00",2.084,2.097,2.08,2.08,-0.004,-0.19%,89
"2023-03-28 03:30",2.082,2.083,2.071,2.072,-0.008,-0.38%,53
"2023-03-28 04:00",2.071,2.077,2.055,2.065,-0.007,-0.34%,89
"2023-03-28 04:30",2.068,2.074,2.067,2.072,0.007,+0.34%,23
"2023-03-28 05:00",2.07,2.073,2.05,2.069,-0.003,-0.14%,267
"2023-03-28 05:30",2.068,2.071,2.026,2.036,-0.033,-1.59%,179
"2023-03-28 06:00",2.04,2.06,2.04,2.056,0.02,+0.98%,200
"2023-03-28 06:30",2.054,2.081,2.051,2.065,0.009,+0.44%,283
"2023-03-28 07:00",2.063,2.071,2.053,2.059,-0.006,-0.29%,483
"2023-03-28 07:30",2.055,2.07,2.043,2.066,0.007,+0.34%,500
"2023-03-28 08:00",2.067,2.094,2.053,2.059,-0.007,-0.34%,993
"2023-03-28 08:30",2.063,2.069,2.052,2.064,0.005,+0.24%,598
"2023-03-28 09:00",2.062,2.089,2.052,2.087,0.023,+1.11%,699
"2023-03-28 09:30",2.087,2.114,2.079,2.106,0.019,+0.91%,838
"2023-03-28 10:00",2.109,2.109,2.09,2.102,-0.004,-0.19%,447
"2023-03-28 10:30",2.102,2.104,2.081,2.091,-0.011,-0.52%,523
"2023-03-28 11:00",2.092,2.099,2.075,2.076,-0.015,-0.72%,438
"2023-03-28 11:30",2.078,2.085,2.066,2.066,-0.01,-0.48%,401
"2023-03-28 12:00",2.067,2.071,2.053,2.057,-0.009,-0.44%,943
"2023-03-28 12:30",2.058,2.062,2.045,2.052,-0.005,-0.24%,930
"2023-03-28 13:00",2.052,2.063,2.025,2.025,-0.027,-1.32%,4251
"2023-03-28 13:30",2.027,2.031,2.016,2.018,-0.007,-0.35%,896
"2023-03-28 14:00",2.019,2.022,2.002,2.004,-0.014,-0.69%,402
"2023-03-28 14:30",2.004,2.027,1.998,2.024,0.02,+1.00%,549
"2023-03-28 15:00",2.024,2.036,2.02,2.03,0.006,+0.30%,171
"2023-03-28 15:30",2.028,2.036,2.023,2.035,0.005,+0.25%,81
"2023-03-28 17:00",2.024,2.024,2.007,2.008,-0.027,-1.33%,31
"2023-03-28 17:30",2.008,2.008,2.007,2.007,-0.001,-0.05%,3
"2023-03-28 18:30",2.014,2.016,2.014,2.016,0.009,+0.45%,12
"2023-03-28 19:00",2.019,2.019,2.015,2.019,0.003,+0.15%,3
"2023-03-28 19:30",2.023,2.023,2.012,2.012,-0.007,-0.35%,11
"2023-03-28 20:00",2.015,2.02,2.015,2.015,0.003,+0.15%,13
"2023-03-28 20:30",2.015,2.015,2.009,2.009,-0.006,-0.30%,19
"2023-03-28 21:00",2.019,2.019,2.019,2.019,0.01,+0.50%,2
"2023-03-28 21:30",2.008,2.02,2.006,2.02,0.001,+0.05%,14
"2023-03-28 22:00",2.008,2.02,2.008,2.02,0,0.00%,2
"2023-03-28 22:30",2.005,2.005,2.005,2.005,-0.015,-0.74%,4
"2023-03-28 23:00",2.004,2.005,2,2,-0.005,-0.25%,6
"2023-03-28 23:30",1.998,1.998,1.998,1.998,-0.002,-0.10%,3
"2023-03-29 00:00",1.999,2,1.999,2,0.002,+0.10%,2
"2023-03-29 01:00",2,2.004,2,2.004,0.004,+0.20%,8
"2023-03-29 02:00",1.996,2.008,1.996,2.008,0.004,+0.20%,12
"2023-03-29 02:30",2.008,2.013,2.005,2.005,-0.003,-0.15%,9
"2023-03-29 03:00",2.006,2.006,2.004,2.004,-0.001,-0.05%,4
"2023-03-29 04:00",1.996,2.011,1.996,2.011,0.007,+0.35%,7
"2023-03-29 04:30",2.011,2.011,2.011,2.011,0,0.00%,1
"2023-03-29 05:00",2.006,2.006,2.004,2.004,-0.007,-0.35%,7
"2023-03-29 05:30",2.007,2.007,2.005,2.005,0.001,+0.05%,5
"2023-03-29 06:00",2.006,2.007,1.995,1.995,-0.01,-0.50%,7
"2023-03-29 06:30",1.991,2.005,1.986,2.003,0.008,+0.40%,44
"2023-03-29 07:00",2.006,2.015,1.994,1.994,-0.009,-0.45%,59
"2023-03-29 07:30",1.995,1.998,1.978,1.99,-0.004,-0.20%,161
"2023-03-29 08:00",1.981,1.987,1.944,1.987,-0.003,-0.15%,648
"2023-03-29 08:30",1.984,1.984,1.973,1.98,-0.007,-0.35%,23
"2023-03-29 09:00",1.98,2.054,1.98,2.054,0.074,+3.74%,171
"2023-03-29 09:30",2.029,2.029,2.017,2.017,-0.037,-1.80%,16
"2023-03-29 10:00",2.002,2.002,1.991,2,-0.017,-0.84%,34
"2023-03-29 10:30",1.994,2.015,1.992,2.012,0.012,+0.60%,42
"2023-03-29 11:00",2.013,2.065,2.013,2.061,0.049,+2.44%,29
"2023-03-29 12:00",2.078,2.083,2.078,2.081,0.02,+0.97%,20
"2023-03-29 12:30",2.062,2.076,2.046,2.051,-0.03,-1.44%,24
"2023-03-29 13:00",2.046,2.046,1.963,1.981,-0.07,-3.41%,817
"Downloaded from Barchart.com as of 01-19-2026 01:50pm CST"
